{
  "IcoMoonType": "selection",
  "icons": [
    {
      "icon": {
        "paths": [
          "M142.155 331.691c-17.644 0-32.613 6.153-44.919 18.458s-18.46 27.072-18.46 44.306v264.613c0 17.667 6.153 32.622 18.46 44.932 12.305 12.304 27.275 18.459 44.919 18.459 17.631 0 32.51-6.155 44.625-18.459 12.090-12.31 18.152-27.265 18.152-44.932v-264.613c0-17.237-6.153-32.001-18.46-44.306s-27.083-18.458-44.317-18.458z",
          "M651.695 94.145l43.692-80.602c2.867-5.336 1.849-9.428-3.072-12.305-5.336-2.481-9.437-1.224-12.304 3.683l-44.307 81.246c-38.982-17.236-80.217-25.87-123.695-25.87-43.489 0-84.725 8.636-123.695 25.87l-44.306-81.246c-2.879-4.907-6.98-6.153-12.305-3.683-4.929 2.89-5.949 6.969-3.070 12.305l43.695 80.602c-44.306 22.595-79.593 54.062-105.848 94.47-26.255 40.431-39.388 84.613-39.388 132.623h569.219c0-48-13.14-92.183-39.392-132.623-26.258-40.409-61.338-71.876-105.224-94.47zM399.080 211.383c-4.725 4.736-10.369 7.093-16.929 7.093-6.573 0-12.102-2.357-16.613-7.093-4.51-4.714-6.765-10.335-6.765-16.918 0-6.56 2.255-12.193 6.765-16.918 4.51-4.714 10.052-7.071 16.613-7.071s12.203 2.357 16.929 7.071c4.714 4.736 7.082 10.358 7.082 16.918-0.013 6.571-2.379 12.203-7.082 16.918zM658.459 211.383c-4.522 4.736-10.062 7.093-16.61 7.093-6.575 0-12.218-2.357-16.934-7.093-4.727-4.714-7.082-10.335-7.082-16.918 0-6.56 2.355-12.193 7.082-16.918 4.716-4.714 10.359-7.071 16.934-7.071 6.559 0 12.089 2.357 16.61 7.071 4.511 4.736 6.764 10.358 6.764 16.918 0 6.571-2.253 12.203-6.764 16.918z",
          "M229.539 753.222c0 18.89 6.56 34.881 19.682 48.004 13.133 13.123 29.123 19.682 48 19.682h45.541l0.624 139.706c0 17.645 6.153 32.622 18.458 44.932 12.305 12.304 27.083 18.459 44.306 18.459 17.632 0 32.612-6.155 44.919-18.459 12.307-12.31 18.46-27.287 18.46-44.932v-139.695h84.919v139.695c0 17.645 6.155 32.622 18.459 44.932 12.31 12.304 27.276 18.459 44.921 18.459 17.629 0 32.612-6.155 44.916-18.459 12.31-12.31 18.459-27.287 18.459-44.932v-139.695h46.155c18.459 0 34.245-6.559 47.39-19.682 13.118-13.123 19.682-29.114 19.682-47.999v-409.863h-564.891v409.847z",
          "M881.858 331.691c-17.236 0-32.003 6.062-44.307 18.153-12.304 12.113-18.459 26.992-18.459 44.611v264.613c0 17.667 6.149 32.622 18.459 44.932 12.304 12.304 27.082 18.459 44.307 18.459 17.634 0 32.612-6.155 44.921-18.459 12.304-12.31 18.454-27.265 18.454-44.932v-264.613c0-17.621-6.149-32.499-18.454-44.611-12.31-12.091-27.287-18.153-44.921-18.153z"
        ],
        "attrs": [],
        "grid": 0,
        "tags": [
          "android"
        ]
      },
      "attrs": [],
      "properties": {
        "order": 113,
        "id": 12,
        "name": "android",
        "prevSize": 32
      },
      "setIdx": 0,
      "setId": 16,
      "iconIdx": 0
    },
    {
      "icon": {
        "paths": [
          "M136.533 136.533l702.662 702.662c26.658 26.658 69.885 26.658 96.543 0l702.662-702.662"
        ],
        "attrs": [
          {
            "fill": "none",
            "strokeLinejoin": "miter",
            "strokeLinecap": "round",
            "strokeMiterlimit": "4",
            "strokeWidth": 273.06666666666666
          }
        ],
        "width": 1775,
        "grid": 0,
        "tags": [
          "arrow-down"
        ]
      },
      "attrs": [
        {
          "fill": "none",
          "strokeLinejoin": "miter",
          "strokeLinecap": "round",
          "strokeMiterlimit": "4",
          "strokeWidth": 273.06666666666666
        }
      ],
      "properties": {
        "order": 114,
        "id": 11,
        "name": "arrow-down",
        "prevSize": 32
      },
      "setIdx": 0,
      "setId": 16,
      "iconIdx": 1
    },
    {
      "icon": {
        "paths": [
          "M5933.176 843.294h-5511.529l722.824-722.824"
        ],
        "attrs": [
          {
            "fill": "none",
            "opacity": 0.2,
            "strokeLinejoin": "miter",
            "strokeLinecap": "butt",
            "strokeMiterlimit": "4",
            "strokeWidth": 301.1764705882353
          }
        ],
        "width": 5963,
        "grid": 0,
        "tags": [
          "arrow-left"
        ]
      },
      "attrs": [
        {
          "fill": "none",
          "opacity": 0.2,
          "strokeLinejoin": "miter",
          "strokeLinecap": "butt",
          "strokeMiterlimit": "4",
          "strokeWidth": 301.1764705882353
        }
      ],
      "properties": {
        "order": 112,
        "id": 10,
        "name": "arrow-left",
        "prevSize": 32
      },
      "setIdx": 0,
      "setId": 16,
      "iconIdx": 2
    },
    {
      "icon": {
        "paths": [
          "M0 843.294h5511.529l-722.824-722.824"
        ],
        "attrs": [
          {
            "fill": "none",
            "strokeLinejoin": "miter",
            "strokeLinecap": "butt",
            "strokeMiterlimit": "4",
            "strokeWidth": 301.1764705882353
          }
        ],
        "width": 5903,
        "grid": 0,
        "tags": [
          "arrow-right"
        ]
      },
      "attrs": [
        {
          "fill": "none",
          "strokeLinejoin": "miter",
          "strokeLinecap": "butt",
          "strokeMiterlimit": "4",
          "strokeWidth": 301.1764705882353
        }
      ],
      "properties": {
        "order": 115,
        "id": 9,
        "name": "arrow-right",
        "prevSize": 32
      },
      "setIdx": 0,
      "setId": 16,
      "iconIdx": 3
    },
    {
      "icon": {
        "paths": [
          "M1638.4 887.467l-702.662-702.661c-26.658-26.66-69.885-26.66-96.543 0l-702.662 702.661"
        ],
        "attrs": [
          {
            "fill": "none",
            "strokeLinejoin": "miter",
            "strokeLinecap": "round",
            "strokeMiterlimit": "4",
            "strokeWidth": 273.06666666666666
          }
        ],
        "width": 1775,
        "grid": 0,
        "tags": [
          "arrow-top"
        ]
      },
      "attrs": [
        {
          "fill": "none",
          "strokeLinejoin": "miter",
          "strokeLinecap": "round",
          "strokeMiterlimit": "4",
          "strokeWidth": 273.06666666666666
        }
      ],
      "properties": {
        "order": 116,
        "id": 8,
        "name": "arrow-top",
        "prevSize": 32
      },
      "setIdx": 0,
      "setId": 16,
      "iconIdx": 4
    },
    {
      "icon": {
        "paths": [
          "M409.6 972.8c0-28.277 22.923-51.2 51.2-51.2h921.6c28.277 0 51.2 22.923 51.2 51.2s-22.923 51.2-51.2 51.2h-921.6c-28.277 0-51.2-22.923-51.2-51.2z",
          "M409.6 358.4c0-28.277 22.923-51.2 51.2-51.2h921.6c28.277 0 51.2 22.923 51.2 51.2s-22.923 51.2-51.2 51.2l-921.6-0c-28.277 0-51.2-22.923-51.2-51.2z",
          "M768 51.2c0-28.277 22.923-51.2 51.2-51.2l563.2 0c28.277 0 51.2 22.923 51.2 51.2s-22.923 51.2-51.2 51.2l-563.2-0c-28.277 0-51.2-22.923-51.2-51.2z",
          "M0 665.6c0-28.277 22.923-51.2 51.2-51.2h1331.2c28.277 0 51.2 22.923 51.2 51.2s-22.923 51.2-51.2 51.2l-1331.2-0c-28.277 0-51.2-22.923-51.2-51.2z"
        ],
        "attrs": [],
        "width": 1434,
        "grid": 0,
        "tags": [
          "burger-btn"
        ]
      },
      "attrs": [],
      "properties": {
        "order": 117,
        "id": 7,
        "name": "burger-btn",
        "prevSize": 32
      },
      "setIdx": 0,
      "setId": 16,
      "iconIdx": 5
    },
    {
      "icon": {
        "paths": [
          "M20.375 118.691c-27.152-27.152-27.152-71.175 0-98.327s71.174-27.152 98.326 0l884.935 884.941c27.15 27.156 27.15 71.175 0 98.331-27.15 27.15-71.175 27.15-98.324 0l-884.937-884.945z",
          "M118.69 1003.636c-27.152 27.15-71.174 27.15-98.326 0s-27.152-71.175 0-98.324l884.934-884.946c27.156-27.152 71.175-27.152 98.324-0 27.156 27.152 27.156 71.175 0 98.327l-884.932 884.944z"
        ],
        "attrs": [],
        "grid": 0,
        "tags": [
          "close"
        ]
      },
      "attrs": [],
      "properties": {
        "order": 118,
        "id": 6,
        "name": "close",
        "prevSize": 32
      },
      "setIdx": 0,
      "setId": 16,
      "iconIdx": 6
    },
    {
      "icon": {
        "paths": [
          "M696.286 600.077c-2.997 34.622 13.591 51.921 49.952 51.921 23.119 0 43.443-7.266 61.022-22.027 17.604-14.765 27.518-34.259 29.626-58.669l3.785-43.546-44.207 1.63c-62.921 2.931-96.358 26.615-100.177 70.69zM2623.019 377.007l61.909-161.481h195.072l-57.472 127.072-199.509 34.409zM2332.8 427.068l-64.704-211.541h201.536l37.056 181.549-173.888 29.993zM2327.232 1024c-25.451 0-51.157-2.726-77.568-8.375l13.312-153.037c17.387 4.019 35.648 6.020 54.827 6.020 35.648 0 63.765-12.555 84.821-38.067 10.56-12.567 22.485-32.26 35.563-59.025l-83.264-272.128 169.941-13.246 10.731 52.565c3.072 18.227 4.544 38.588 3.989 61.37h3.776c4.949-24.213 10.667-44.437 17.195-60.102l22.379-58.368 183.189-14.281-157.269 347.723c-34.901 75.97-74.133 129.715-117.739 161.419-43.755 31.697-98.325 47.533-163.883 47.533zM2195.733 511.797l-23.211 267.362h-191.311l21.914-252.341 192.608-15.021zM2239.723 5.459l-38.592 444.32-194.221 33.5 41.5-477.82h191.313zM1800.717 542.598l-20.54 236.555h-191.298l19.234-221.542 192.604-15.012zM1947.006 215.535c-5.030 57.758-10.042 115.556-15.044 173.314h-117.89l-11.253 129.634-194.212 33.491 14.155-163.132h-73.427l15.066-173.316h78.033l2.163-24.841c7.94-65.032 26.79-112.339 56.631-142.029 32.542-32.431 81.777-48.656 147.682-48.656 47.844 0 97.417 8.746 148.727 26.602l-51.776 125.872c-22.91-6.554-45.532-9.835-68.126-9.835-14.871 0-26.010 4.568-33.425 13.684-7.603 9.26-12.109 24.026-13.867 44.252l-1.306 14.959h117.869zM1509.329 215.535l-15.044 173.314c-30.029 0-61.365-0.794-91.369 0.282-73.751 2.903-113.687 40.71-119.983 113.126l-24.070 276.909h-191.311l48.969-563.625h142.377l22.123 90.003h9.105c18.554-30.089 43.068-54.313 73.495-72.538 12.047-7.281 23.915-13.109 35.674-17.466l110.035-0.006zM253.41 789.173c-90.256 0-156.714-24.774-199.546-74.315-42.792-49.559-60.032-121.139-51.917-214.773 8.135-93.461 39.687-165.973 94.648-217.327 55.002-51.582 129.237-77.258 222.741-77.258 63.601 0 122.88 14.398 177.713 43.17l-69.077 143.742c-48.745-22.588-88.983-33.717-120.853-33.717-31.908 0-57.303 12.224-76.262 36.614-18.998 24.589-30.386 59.040-34.279 103.654-7.839 90.359 21.024 135.364 86.595 135.364 55.708 0 110.878-16.567 165.523-49.724l-13.442 154.837c-52.478 33.163-113.041 49.732-181.843 49.732zM1008.9 779.159h-132.026l-30.413-74.703h-3.731c-27.874 32.066-55.957 54.313-84.418 66.319-28.273 12.226-63.563 18.389-105.485 18.389-52.657 0-92.284-16.006-119.249-48.094-26.94-32.041-37.95-76.676-32.988-133.687 10.057-115.68 95.255-176.892 255.607-183.467l93.274-3.465 0.674-7.644c4.034-46.47-16.736-69.615-62.046-69.615-39.77 0-92.198 13.692-157.282 41.37l-44.226-128.25c67.785-33.89 150.797-50.827 248.926-50.827 70.957 0 124.375 18.047 160.090 54.279 35.921 36.081 50.927 86.003 45.391 149.769l-32.098 369.626z"
        ],
        "attrs": [],
        "width": 2880,
        "grid": 0,
        "tags": [
          "logo"
        ]
      },
      "attrs": [],
      "properties": {
        "order": 119,
        "id": 5,
        "name": "logo",
        "prevSize": 32
      },
      "setIdx": 0,
      "setId": 16,
      "iconIdx": 7
    },
    {
      "icon": {
        "paths": [
          "M301.632 658.803c0-17.007-11.8-27.149-32.621-27.149-8.502 0-14.26 0.841-17.271 1.643v54.562c3.566 0.802 7.95 1.071 13.992 1.071 22.192 0 35.9-11.213 35.9-30.127z",
          "M430.515 632.239c-9.322 0-15.347 0.806-18.911 1.638v120.841c3.566 0.836 9.324 0.836 14.529 0.836 37.824 0.269 62.494-20.553 62.494-64.67 0.265-38.362-22.212-58.645-58.112-58.645z",
          "M669.986 0h-411.282c-60.084 0-108.986 48.936-108.986 108.986v403.014h-10.644c-24.25 0-43.918 19.644-43.918 43.917v266.342c0 24.269 19.665 43.913 43.918 43.913h10.644v48.841c0 60.117 48.902 108.988 108.986 108.988h561.174c60.045 0 108.954-48.875 108.954-108.988v-657.071l-258.846-257.941zM210.37 603.981c12.87-2.172 30.961-3.814 56.45-3.814 25.758 0 44.117 4.919 56.452 14.793 11.783 9.31 19.735 24.67 19.735 42.748 0 18.074-6.025 33.442-16.989 43.849-14.26 13.423-35.348 19.452-60.016 19.452-5.49 0-10.411-0.273-14.26-0.806v66.044h-41.373v-182.263zM819.878 957.252h-561.174c-23.264 0-42.209-18.944-42.209-42.24v-48.841h523.127c24.256 0 43.921-19.644 43.921-43.913v-266.342c0-24.273-19.665-43.917-43.921-43.917h-523.127v-403.014c0-23.231 18.947-42.176 42.209-42.176l386.309-0.404v142.794c0 41.708 33.843 75.582 75.584 75.582l139.883-0.401 1.57 630.627c0 23.3-18.91 42.244-42.172 42.244zM369.685 785.408v-181.427c15.345-2.441 35.345-3.814 56.452-3.814 35.077 0 57.822 6.293 75.648 19.716 19.179 14.259 31.228 36.988 31.228 69.623 0 35.345-12.868 59.75-30.694 74.807-19.447 16.166-49.054 23.834-85.221 23.834-21.659 0-37.004-1.37-47.413-2.739zM668.783 677.995v33.971h-66.33v74.278h-41.924v-184.704h112.905v34.24h-70.98v42.214h66.33z"
        ],
        "attrs": [],
        "grid": 0,
        "tags": [
          "pdf-file"
        ]
      },
      "attrs": [],
      "properties": {
        "order": 120,
        "id": 4,
        "name": "pdf-file",
        "prevSize": 32
      },
      "setIdx": 0,
      "setId": 16,
      "iconIdx": 8
    },
    {
      "icon": {
        "paths": [
          "M34.133 512c-0-263.918 213.948-477.867 477.867-477.867s477.867 213.948 477.867 477.867c0 263.918-213.948 477.867-477.867 477.867s-477.867-213.948-477.867-477.867z",
          "M435.207 716.803l206.264-206.264c13.332-13.329 13.332-34.942 0-48.271l-206.264-206.264"
        ],
        "attrs": [
          {
            "fill": "none",
            "strokeLinejoin": "miter",
            "strokeLinecap": "butt",
            "strokeMiterlimit": "4",
            "strokeWidth": 68.26666666666667
          },
          {
            "fill": "none",
            "strokeLinejoin": "miter",
            "strokeLinecap": "round",
            "strokeMiterlimit": "4",
            "strokeWidth": 68.26666666666667
          }
        ],
        "grid": 0,
        "tags": [
          "right"
        ]
      },
      "attrs": [
        {
          "fill": "none",
          "strokeLinejoin": "miter",
          "strokeLinecap": "butt",
          "strokeMiterlimit": "4",
          "strokeWidth": 68.26666666666667
        },
        {
          "fill": "none",
          "strokeLinejoin": "miter",
          "strokeLinecap": "round",
          "strokeMiterlimit": "4",
          "strokeWidth": 68.26666666666667
        }
      ],
      "properties": {
        "order": 121,
        "id": 3,
        "name": "right",
        "prevSize": 32
      },
      "setIdx": 0,
      "setId": 16,
      "iconIdx": 9
    },
    {
      "icon": {
        "paths": [
          "M374.857 9.143c0-5.049-4.094-9.143-9.143-9.143s-9.143 4.093-9.143 9.143h18.286zM365.714 566.857l52.787-91.429h-105.574l52.787 91.429zM356.571 9.143v475.429h18.286v-475.429h-18.286z",
          "M128.146 910.775c0-27.502-17.847-34.523-41.253-36.864l-22.821-2.048c-19.895-2.048-28.672-8.777-28.672-23.698 0-17.554 12.581-27.209 35.986-27.209 15.506 0 28.672 4.096 39.497 11.995l9.947-9.947c-12.581-9.362-29.842-14.921-49.445-14.921-30.72 0-50.615 15.506-50.615 40.082 0 22.235 14.043 34.523 42.423 36.864l23.406 2.048c18.725 1.755 26.917 8.777 26.917 23.698 0 19.017-14.629 28.672-42.423 28.672-19.895 0-35.401-5.851-46.226-17.262l-10.24 10.24c14.336 13.751 32.475 20.187 57.051 20.187 34.816 0 56.466-16.091 56.466-41.838zM273.304 930.962l-10.24-9.362c-11.995 13.166-21.358 17.847-36.279 17.847-16.091 0-28.965-6.144-37.449-18.725-7.023-10.24-9.656-21.358-9.656-40.375s2.633-30.135 9.656-40.375c8.485-12.581 21.358-18.725 37.449-18.725 14.921 0 24.283 4.389 36.279 17.847l10.24-9.362c-14.921-16.677-27.209-21.65-46.519-21.65-38.619 0-62.026 27.502-62.026 72.265s23.407 72.265 62.026 72.265c19.31 0 31.598-4.974 46.519-21.65zM396.524 832.366l10.825-10.825c-10.24-10.24-20.187-13.458-33.938-13.458-16.677 0-33.061 7.314-41.253 20.48v-18.725h-14.921v141.019h14.921v-86.894c0-22.528 13.458-42.715 37.742-42.715 11.703 0 18.139 2.633 26.624 11.118zM533.42 880.347c0-20.187-2.633-41.838-17.554-56.759-10.24-10.24-23.406-15.506-39.205-15.506s-28.965 5.266-39.205 15.506c-14.921 14.921-17.554 36.571-17.554 56.759s2.633 41.838 17.554 56.759c10.24 10.24 23.406 15.506 39.205 15.506s28.965-5.266 39.205-15.506c14.921-14.921 17.554-36.571 17.554-56.759zM518.499 880.347c0 16.384-0.878 35.401-12.581 47.104-7.899 7.899-17.847 11.995-29.257 11.995s-21.358-4.096-29.257-11.995c-11.703-11.703-12.581-30.72-12.581-47.104s0.878-35.401 12.581-47.104c7.899-7.899 17.847-11.995 29.257-11.995s21.358 4.096 29.257 11.995c11.703 11.703 12.581 30.72 12.581 47.104zM628.321 950.857v-13.166h-10.24c-16.677 0-21.65-7.607-21.65-23.698v-171.447h-14.921v171.739c0 22.235 10.823 36.571 33.938 36.571h12.873zM712.32 950.857v-13.166h-10.24c-16.677 0-21.65-7.607-21.65-23.698v-171.447h-14.921v171.739c0 22.235 10.825 36.571 33.938 36.571h12.873z"
        ],
        "attrs": [],
        "width": 731,
        "grid": 0,
        "tags": [
          "scroll"
        ]
      },
      "attrs": [],
      "properties": {
        "order": 122,
        "id": 2,
        "name": "scroll",
        "prevSize": 32
      },
      "setIdx": 0,
      "setId": 16,
      "iconIdx": 10
    },
    {
      "icon": {
        "paths": [
          "M1014.6 873.39l-96-96c-20.183-20.183-54.615-5.806-54.615 22.61v53.335h-693.331v-693.333h53.334c28.544 0 42.752-34.56 22.613-54.614l-96-96c-12.501-12.501-32.768-12.501-45.269 0l-95.958 96c-20.096 20.054-5.888 54.614 22.613 54.614h53.333v693.333h-42.666c-23.595 0-42.667 19.113-42.667 42.665s19.072 42.67 42.667 42.67h42.666v42.665c0 23.552 19.072 42.665 42.667 42.665s42.666-19.113 42.666-42.665v-42.665h693.331v53.33c0 28.544 34.606 42.624 54.615 22.615l96-96c12.503-12.503 12.503-32.727 0-45.225z",
          "M554.665 170.662l298.67 128-298.67 128-298.665-128 298.665-128z",
          "M512 501.209l-256-109.696v248.493c0 8.832 5.418 16.768 13.654 19.922l242.346 93.184v-251.902z",
          "M597.335 501.209v251.902l242.35-93.225c8.233-3.113 13.65-11.049 13.65-19.881v-248.493l-256 109.696z"
        ],
        "attrs": [],
        "grid": 0,
        "tags": [
          "size"
        ]
      },
      "attrs": [],
      "properties": {
        "order": 123,
        "id": 1,
        "name": "size",
        "prevSize": 32
      },
      "setIdx": 0,
      "setId": 16,
      "iconIdx": 11
    },
    {
      "icon": {
        "paths": [
          "M52.507 695.793c-28.999 0-52.507-23.485-52.507-52.506v-262.536c0-28.999 23.508-52.507 52.507-52.507s52.507 23.508 52.507 52.507v262.536c0 28.954-23.508 52.506-52.507 52.506z",
          "M205.67 827.085c-28.999 0-52.507-23.506-52.507-52.506v-525.159c0-28.999 23.508-52.507 52.507-52.507s52.507 23.508 52.507 52.507v525.159c0.022 29-23.508 52.506-52.507 52.506z",
          "M358.832 761.421c-28.999 0-52.507-23.506-52.507-52.506v-393.827c0-28.999 23.508-52.507 52.507-52.507s52.529 23.508 52.529 52.507v393.827c-0.022 29-23.53 52.506-52.529 52.506z",
          "M512.005 892.728c-28.997 0-52.505-23.485-52.505-52.506v-656.428c0-28.999 23.508-52.507 52.505-52.507 29 0 52.511 23.508 52.511 52.507v656.408c0 29.020-23.511 52.526-52.511 52.526z",
          "M665.144 1024c-28.974 0-52.506-23.506-52.506-52.506v-918.987c0-28.999 23.532-52.507 52.506-52.507 29.020 0 52.506 23.508 52.506 52.507v918.987c0 29-23.485 52.506-52.506 52.506z",
          "M818.345 827.085c-29.020 0-52.506-23.506-52.506-52.506v-525.159c0-28.999 23.485-52.507 52.506-52.507 28.979 0 52.506 23.508 52.506 52.507v525.159c0 29-23.526 52.506-52.506 52.506z",
          "M971.494 630.149c-29 0-52.506-23.506-52.506-52.485v-131.288c0-28.999 23.506-52.507 52.506-52.507s52.506 23.508 52.506 52.507v131.288c0 28.979-23.506 52.485-52.506 52.485z"
        ],
        "attrs": [],
        "grid": 0,
        "tags": [
          "sound-bars-pulse"
        ]
      },
      "attrs": [],
      "properties": {
        "order": 124,
        "id": 0,
        "name": "sound-bars-pulse",
        "prevSize": 32
      },
      "setIdx": 0,
      "setId": 16,
      "iconIdx": 12
    }
  ],
  "height": 1024,
  "preferences": {
    "showGlyphs": true,
    "showQuickUse": true,
    "showQuickUse2": true,
    "showSVGs": true,
    "fontPref": {
      "prefix": "icon-",
      "metadata": {
        "fontFamily": "icomoon"
      },
      "metrics": {
        "emSize": 1024,
        "baseline": 6.25,
        "whitespace": 50
      },
      "embed": false
    },
    "imagePref": {
      "prefix": "icon-",
      "png": false,
      "useClassSelector": true,
      "color": 0,
      "bgColor": 16777215,
      "classSelector": ".icon",
      "name": "icomoon",
      "height": 32,
      "columns": 16,
      "margin": 16
    },
    "historySize": 50,
    "showCodes": true,
    "gridSize": 16,
    "showGrid": false
  }
}